year,filename,bytes,sha256,downloaded_at
1984,iceage_nh_12.5km_19840101_19841231_v4.1.nc,3880040,53a45fbcffb9d4c4daae063a41a5962d00a8253cee6a9c42467dbc299ff82b05,2026-07-30T14:20:46.048033+00:00
1985,iceage_nh_12.5km_19850101_19851231_v4.1.nc,3925405,cf690f1a902645f716dcfc30b4b2411641a94613e877435904aba9472f90432c,2026-07-30T14:25:15.799989+00:00
1986,iceage_nh_12.5km_19860101_19861231_v4.1.nc,3988718,29ecf48451035b193e37fc80de44b42dea0c1ff364ad26beaa00d5d3ed15f373,2026-07-30T14:25:21.931990+00:00
1987,iceage_nh_12.5km_19870101_19871231_v4.1.nc,4062624,894fbaf6c4b790f652217b006649465c0431065bbf90b78662f49e079c93466c,2026-07-30T14:25:29.011991+00:00
1988,iceage_nh_12.5km_19880101_19881231_v4.1.nc,4128949,ad24fbad1ec5c2a2bddf8e2678ef69e648e31e747d50423b652d8db780841b98,2026-07-30T14:25:37.915992+00:00
1989,iceage_nh_12.5km_19890101_19891231_v4.1.nc,4050029,8ae713f245e0b014704ebd9525b6d57a1bde272c3849288681d782e8296f488f,2026-07-30T14:25:44.467992+00:00
1990,iceage_nh_12.5km_19900101_19901231_v4.1.nc,3965717,33d9012f10e12f4fea5e6e40b2d933fcb8468c598270d8a88316e9050003e9b8,2026-07-30T14:25:55.815981+00:00
1991,iceage_nh_12.5km_19910101_19911231_v4.1.nc,3945724,9e3da4e6955b16a5cfabf9c1b129915f6d51ab5d121599ce96bcbeb0814dd2fe,2026-07-30T14:26:02.967974+00:00
1992,iceage_nh_12.5km_19920101_19921231_v4.1.nc,3957235,d36e5ac7e6eb1fe609aab0e8de9a4b810fa24042f2bb02377213218560379c00,2026-07-30T14:26:09.803973+00:00
1993,iceage_nh_12.5km_19930101_19931231_v4.1.nc,3988673,1f8a28670ea64b0fe94a961d5d37f4830c8465b058f303dc80f283a657baeea1,2026-07-30T14:26:18.567972+00:00
1994,iceage_nh_12.5km_19940101_19941231_v4.1.nc,4002656,362e6c98be2c995f2a6e1cf16d4e4d93e0b16f8e1cdd82707d1eaa2e4cf84ddb,2026-07-30T14:26:25.119972+00:00
1995,iceage_nh_12.5km_19950101_19951231_v4.1.nc,3986770,fe9859a42f02b0a1078d44bad651321503e5befa7742c5a267466574c30e8add,2026-07-30T14:26:31.159971+00:00
1996,iceage_nh_12.5km_19960101_19961231_v4.1.nc,3929887,e2ba8a41a617f3824b789e20d281887c6887eaa10c11c3b96e1e057f3d054c56,2026-07-30T14:26:35.879970+00:00
1997,iceage_nh_12.5km_19970101_19971231_v4.1.nc,3970542,ecaebba90df33283159a974aa20cac39c7bd6f799e0a4442ec730bb61b575393,2026-07-30T14:26:42.379970+00:00
1998,iceage_nh_12.5km_19980101_19981231_v4.1.nc,3994846,492b8a05532649a11d217a19a2e7a26e164bc54f706d3a0d6f21212480a1065b,2026-07-30T14:26:49.795969+00:00
1999,iceage_nh_12.5km_19990101_19991231_v4.1.nc,4007040,72c3c3d98fddda7570104d322732747b47c82a9c1fe3212fb46bd06ce7226386,2026-07-30T14:27:01.099967+00:00
2000,iceage_nh_12.5km_20000101_20001231_v4.1.nc,3933922,7db088265a003b67e4face68ec964dfe00a4e4724d91306f97faabb4b30b3367,2026-07-30T14:27:07.683965+00:00
2001,iceage_nh_12.5km_20010101_20011231_v4.1.nc,3944359,984e736fad5e209f6c96189224b3bbeb5ef9326d207edc4e93717c0bdff4eff9,2026-07-30T14:27:15.011963+00:00
2002,iceage_nh_12.5km_20020101_20021231_v4.1.nc,3953563,974a8428bd4dc2537c509a7fa46567552da4555a1be891b8b1d4a4142ae92538,2026-07-30T14:27:24.435960+00:00
2003,iceage_nh_12.5km_20030101_20031231_v4.1.nc,3968433,d6dfd812edfe9ff7cda4bfe41a25e1e9c2c84cad0051877523fbf971d51e8486,2026-07-30T14:27:32.099958+00:00
2004,iceage_nh_12.5km_20040101_20041231_v4.1.nc,3907221,d71a232e80c1a1c58b491fd9bef5b168887a5f36f6753d1297604be9a26c9fa5,2026-07-30T14:27:38.527956+00:00
2005,iceage_nh_12.5km_20050101_20051231_v4.1.nc,3853606,17374c386ce2b8a406d29fb688aa142f8773a2339189437955d733673f355b9c,2026-07-30T14:27:45.323954+00:00
2006,iceage_nh_12.5km_20060101_20061231_v4.1.nc,3797768,8bc794819f1fb16190a0435dda2d9744facb1414eb9f0450c824fff74ae6816c,2026-07-30T14:27:49.951953+00:00
2007,iceage_nh_12.5km_20070101_20071231_v4.1.nc,3699769,77dccf94956a41fd126be69bd62e5192a6c58c3cedfc0be9e99e229629fa1f92,2026-07-30T14:27:59.267951+00:00
2008,iceage_nh_12.5km_20080101_20081231_v4.1.nc,3595610,a3783f485cac36433475403746fa4095e5a06f35ce58885d52c7dbd00197ed2c,2026-07-30T14:28:04.311950+00:00
2009,iceage_nh_12.5km_20090101_20091231_v4.1.nc,3605851,2e802a9ed407a2158ebce017df99c2a13318a3286ee29d5d3d62192774fc40a8,2026-07-30T14:28:10.279949+00:00
2010,iceage_nh_12.5km_20100101_20101231_v4.1.nc,3635253,a8b60bf409adf366df1cc38354f2733337a00b2b70e7753ba4d106005e60f51f,2026-07-30T14:28:20.947947+00:00
2011,iceage_nh_12.5km_20110101_20111231_v4.1.nc,3571497,b5b6b450e678f438f600f3b0fb76aa3b394c3e7ba54ad77692ee51a7aeed21a6,2026-07-30T14:28:33.491944+00:00
2012,iceage_nh_12.5km_20120101_20121231_v4.1.nc,3500907,e4540eda97cea4cd2e8a8e81b5b206f167b68622e9f25c1485ee101ed1588c5b,2026-07-30T14:28:42.995942+00:00
2013,iceage_nh_12.5km_20130101_20131231_v4.1.nc,3511798,da409bec3580221ed0d71c1dad699b680f52a008d9cfd3325368e25e46a9c173,2026-07-30T14:28:47.815941+00:00
2014,iceage_nh_12.5km_20140101_20141231_v4.1.nc,3596912,3837125d6b3555a6d9328bfdc862f39bae0aaad53017ab8a7b23588ea508ff52,2026-07-30T14:28:53.515938+00:00
2015,iceage_nh_12.5km_20150101_20151231_v4.1.nc,3558538,5ba14e6fefd3bc6c0454d7435f1d7c72a7640fdfe395faf1d6bd01f49887edbd,2026-07-30T14:29:00.543936+00:00
2016,iceage_nh_12.5km_20160101_20161231_v4.1.nc,3526307,3d23ef682b3a3bfdde36ab7f229308cbeec3fe19f1e6b7baad90280304ff7334,2026-07-30T14:29:06.063936+00:00
2017,iceage_nh_12.5km_20170101_20171231_v4.1.nc,3501945,ead4d0ee0957143e60487fde86bc9585bedebf02600a91d98c0810c511fd0349,2026-07-30T14:29:10.567936+00:00
2018,iceage_nh_12.5km_20180101_20181231_v4.1.nc,3524214,9a67dd16d4c4394ada2f298895d19bf191813b36b77614bb3d4b3fd32cb13656,2026-07-30T14:29:16.351937+00:00
2019,iceage_nh_12.5km_20190101_20191231_v4.1.nc,3504145,9a88d5d8fe3fbd352e14a5ce09d106569818f1a410b6ab839c0d073072944ab9,2026-07-30T14:29:20.775937+00:00
2020,iceage_nh_12.5km_20200101_20201231_v4.1.nc,3486334,ede5cf9a6801930b128a4545f41adb7c870f3f14a20ffe7841ecb0bb26fcc224,2026-07-30T14:29:28.095936+00:00
2021,iceage_nh_12.5km_20210101_20211231_v4.1.nc,3502118,1f94c4ecff491b68fc38f07d033a411e630d18e247b11c2f67a2201ca52e98ce,2026-07-30T14:29:36.035934+00:00
2022,iceage_nh_12.5km_20220101_20221231_v4.1.nc,3531025,dfaac60b8f269447814489a08bb4b4601266f05aec0c9f9d28e4248bbb0da03f,2026-07-30T14:29:42.215933+00:00
2023,iceage_nh_12.5km_20230101_20231231_v4.1.nc,3506195,487c67844ebb23d6ed3b561cd64e6d3ddf1fd8d93c679587b59dc9cfae662f1d,2026-07-30T14:29:47.755933+00:00
2024,iceage_nh_12.5km_20240101_20241231_v4.1.nc,3501594,5c08e0f7a57fcbe53cba716f06901837de6a00da60cbb856dbbd4137db702504,2026-07-30T14:29:54.387932+00:00
